ZONE,COUNTY,MODE,TRIPS
3,Hillsborough County,AUTO,39.63968
4,Hillsborough County,AUTO,32.12478
6,Hillsborough County,AUTO,22.72942
8,Hillsborough County,AUTO,122.36033
13,Hillsborough County,AUTO,173.7699
14,Hillsborough County,AUTO,101.48933
16,Hillsborough County,AUTO,48.78149
19,Hillsborough County,AUTO,1007.56736
22,Hillsborough County,AUTO,79.3255
23,Hillsborough County,AUTO,39.63968
24,Hillsborough County,AUTO,69.26948
27,Hillsborough County,AUTO,9.14181
29,Hillsborough County,AUTO,9.14181
30,Hillsborough County,AUTO,128.02654
31,Hillsborough County,AUTO,49.43754
34,Hillsborough County,AUTO,145.10965
35,Hillsborough County,AUTO,26.70812
36,Hillsborough County,AUTO,125.2098
37,Hillsborough County,AUTO,66.75952
38,Hillsborough County,AUTO,1764.36893
42,Hillsborough County,AUTO,18.3862
43,Hillsborough County,AUTO,158.55872
44,Hillsborough County,AUTO,115.76355
45,Hillsborough County,AUTO,45.45884
48,Hillsborough County,AUTO,22.72942
50,Hillsborough County,AUTO,18.28361
53,Hillsborough County,AUTO,328.75125
53,Hillsborough County,WALK,36.56722
54,Hillsborough County,AUTO,6.09454
56,Hillsborough County,AUTO,18.39314
57,Hillsborough County,AUTO,98.51829
59,Hillsborough County,AUTO,177.58458
61,Hillsborough County,AUTO,313.12465
63,Hillsborough County,AUTO,9.14181
65,Hillsborough County,AUTO,18.28361
66,Hillsborough County,AUTO,144.32662
68,Hillsborough County,AUTO,34.63541
69,Hillsborough County,AUTO,144.35009
71,Hillsborough County,AUTO,280.13204
72,Hillsborough County,AUTO,77.83021
72,Hillsborough County,BIKE,22.87935
73,Hillsborough County,AUTO,6.09454
74,Hillsborough County,AUTO,55.90918
76,Hillsborough County,AUTO,45.09432
76,Hillsborough County,TRANSIT,18.4764
76,Hillsborough County,WALK,6.1588
77,Hillsborough County,AUTO,1691.62789
78,Hillsborough County,AUTO,2024.37018
78,Hillsborough County,SHUTTLE_VANPOOL,22.96907
84,Hillsborough County,AUTO,34.63474
85,Hillsborough County,AUTO,2370.82008
86,Hillsborough County,AUTO,13131.69749
88,Hillsborough County,AUTO,69.81919
89,Hillsborough County,AUTO,98.50168
93,Hillsborough County,AUTO,787.77076
94,Hillsborough County,AUTO,64.58117
95,Hillsborough County,AUTO,58.23902
96,Hillsborough County,AUTO,328.89173
97,Hillsborough County,AUTO,62.40008
99,Hillsborough County,AUTO,407.67314
102,Hillsborough County,AUTO,203.01722
102,Hillsborough County,WALK,203.01722
110,Hillsborough County,AUTO,172.80444
110,Hillsborough County,BIKE,46.62268
111,Hillsborough County,AUTO,103.44093
112,Hillsborough County,AUTO,195.54636
114,Hillsborough County,AUTO,1302.20972
116,Hillsborough County,AUTO,15168.5123
117,Hillsborough County,AUTO,252.36352
117,Hillsborough County,TRANSIT,98.67943
120,Hillsborough County,AUTO,31.54544
123,Hillsborough County,AUTO,7088.19668
124,Hillsborough County,AUTO,149.74679
125,Hillsborough County,AUTO,22.72942
127,Hillsborough County,AUTO,18.86649
128,Hillsborough County,AUTO,104.60839
129,Hillsborough County,AUTO,54.9488
130,Hillsborough County,AUTO,773.16214
131,Hillsborough County,AUTO,64.24956
131,Hillsborough County,WALK,22.72942
133,Hillsborough County,AUTO,2605.6515
135,Hillsborough County,AUTO,50.8765
137,Hillsborough County,AUTO,266.26299
138,Hillsborough County,AUTO,5954.21654
140,Hillsborough County,AUTO,6505.71979
141,Hillsborough County,TRANSIT,98.47162
142,Hillsborough County,AUTO,299.46807
142,Hillsborough County,WALK,413.51978
144,Hillsborough County,AUTO,44.99173
146,Hillsborough County,AUTO,169.47804
147,Hillsborough County,AUTO,3722.11253
153,Hillsborough County,AUTO,64.16372
154,Hillsborough County,AUTO,128.19745
155,Hillsborough County,AUTO,290.44508
155,Hillsborough County,WALK,63.09088
156,Hillsborough County,AUTO,84.94714
157,Hillsborough County,AUTO,791.43631
157,Hillsborough County,SHUTTLE_VANPOOL,9.14181
161,Hillsborough County,AUTO,109.72528
161,Hillsborough County,WALK,3.72448
162,Hillsborough County,AUTO,53.60009
163,Hillsborough County,AUTO,248.84268
164,Hillsborough County,AUTO,1313.8055
164,Hillsborough County,BIKE,1038.7771
164,Hillsborough County,WALK,2687.85979
165,Hillsborough County,AUTO,1945.86524
167,Hillsborough County,AUTO,81.18516
167,Hillsborough County,WALK,7.44896
168,Hillsborough County,AUTO,12543.85896
168,Hillsborough County,WALK,3.72448
169,Hillsborough County,AUTO,31.54544
170,Hillsborough County,AUTO,273.36652
171,Hillsborough County,AUTO,168.59469
172,Hillsborough County,AUTO,107.76742
178,Hillsborough County,AUTO,146.24289
179,Hillsborough County,AUTO,226.02902
179,Hillsborough County,TRANSIT,88.78122
180,Hillsborough County,AUTO,6.09454
180,Hillsborough County,WALK,53.3299
181,Hillsborough County,AUTO,30.4727
182,Hillsborough County,AUTO,36.56724
183,Hillsborough County,AUTO,328.77974
183,Hillsborough County,WALK,106.99384
184,Hillsborough County,AUTO,4398.13077
184,Hillsborough County,BIKE,122.28468
184,Hillsborough County,WALK,594.50755
185,Hillsborough County,AUTO,535.07638
187,Hillsborough County,TRANSIT,69.81919
188,Hillsborough County,AUTO,63.5591
191,Hillsborough County,AUTO,6.12452
192,Hillsborough County,AUTO,6.12452
193,Hillsborough County,AUTO,6.09454
194,Hillsborough County,AUTO,109.72528
195,Hillsborough County,AUTO,70.08721
196,Hillsborough County,AUTO,60.9454
198,Hillsborough County,AUTO,22.72942
201,Hillsborough County,AUTO,1104.40932
202,Hillsborough County,AUTO,18.28362
202,Hillsborough County,TRANSIT,6.1588
204,Hillsborough County,AUTO,12.18908
204,Hillsborough County,TRANSIT,18.4764
204,Hillsborough County,WALK,18.4764
205,Hillsborough County,TRANSIT,18.4764
209,Hillsborough County,AUTO,109.61164
210,Hillsborough County,AUTO,803.73965
211,Hillsborough County,AUTO,124.96163
214,Hillsborough County,AUTO,6.09454
216,Hillsborough County,AUTO,107.58145
218,Hillsborough County,AUTO,240.91868
221,Hillsborough County,AUTO,27.42543
225,Hillsborough County,BIKE,80.24395
230,Hillsborough County,AUTO,90.02212
232,Hillsborough County,AUTO,975.44168
234,Hillsborough County,AUTO,437.36398
237,Hillsborough County,AUTO,47.04028
238,Hillsborough County,AUTO,45.45884
240,Hillsborough County,AUTO,6.09454
241,Hillsborough County,AUTO,41.01304
242,Hillsborough County,AUTO,196.54594
243,Hillsborough County,AUTO,37.81655
244,Hillsborough County,WALK,1760.15182
245,Hillsborough County,AUTO,293.52563
248,Hillsborough County,WALK,36.56722
249,Hillsborough County,TRANSIT,18.28361
250,Hillsborough County,AUTO,8.05653
254,Hillsborough County,AUTO,22.72942
258,Hillsborough County,AUTO,15.23635
259,Hillsborough County,AUTO,135.35242
260,Hillsborough County,AUTO,32.12478
261,Hillsborough County,AUTO,463.75031
262,Hillsborough County,AUTO,186.54386
264,Hillsborough County,AUTO,8.05653
266,Hillsborough County,AUTO,179.03636
269,Hillsborough County,AUTO,26.70812
270,Hillsborough County,AUTO,227.18248
271,Hillsborough County,AUTO,45.66326
274,Hillsborough County,AUTO,12.18908
275,Hillsborough County,AUTO,39.59257
276,Hillsborough County,AUTO,26.6525
278,Hillsborough County,AUTO,8.05653
279,Hillsborough County,AUTO,889.71786
280,Hillsborough County,AUTO,519.37946
281,Hillsborough County,AUTO,26.99186
282,Hillsborough County,AUTO,85.09972
286,Hillsborough County,AUTO,18.28362
288,Hillsborough County,AUTO,142.99888
288,Hillsborough County,TRANSIT,6.1588
288,Hillsborough County,WALK,6.1588
289,Hillsborough County,AUTO,1918.1937
290,Hillsborough County,AUTO,163.7415
290,Hillsborough County,BIKE,18.28362
290,Hillsborough County,WALK,73.13448
291,Hillsborough County,AUTO,653.32348
291,Hillsborough County,SHUTTLE_VANPOOL,39.62105
291,Hillsborough County,WALK,146.49643
292,Hillsborough County,AUTO,539.09663
293,Hillsborough County,AUTO,8974.57344
293,Hillsborough County,WALK,1.81558
294,Hillsborough County,AUTO,214.54243
295,Hillsborough County,AUTO,54.67818
295,Hillsborough County,WALK,15.47526
296,Hillsborough County,TRANSIT,88.78122
297,Hillsborough County,AUTO,11.73243
299,Hillsborough County,AUTO,1176.68227
299,Hillsborough County,TRANSIT,24.6352
299,Hillsborough County,WALK,104.18348
300,Hillsborough County,AUTO,7593.78645
300,Hillsborough County,BIKE,5.22079
300,Hillsborough County,WALK,168.8665
301,Hillsborough County,AUTO,1038.00303
301,Hillsborough County,WALK,2391.71595
302,Hillsborough County,AUTO,7414.48052
302,Hillsborough County,SHUTTLE_VANPOOL,34.63474
302,Hillsborough County,WALK,1711.78383
303,Hillsborough County,AUTO,15.23635
305,Hillsborough County,AUTO,27.42543
306,Hillsborough County,AUTO,210.06804
307,Hillsborough County,AUTO,689.87632
307,Hillsborough County,SHUTTLE_VANPOOL,72.09348
308,Hillsborough County,AUTO,1054.66843
308,Hillsborough County,BIKE,5.22079
308,Hillsborough County,SHUTTLE_VANPOOL,22.75849
308,Hillsborough County,WALK,126.23555
309,Hillsborough County,AUTO,724.34935
309,Hillsborough County,TNC,56.16277
309,Hillsborough County,WALK,88.78122
310,Hillsborough County,AUTO,2096.93621
310,Hillsborough County,WALK,88.78122
311,Hillsborough County,AUTO,1418.81614
311,Hillsborough County,BIKE,18.28362
311,Hillsborough County,WALK,479.8011
312,Hillsborough County,AUTO,314.39313
312,Hillsborough County,WALK,26.76784
313,Hillsborough County,AUTO,13486.25755
313,Hillsborough County,BIKE,569.29628
313,Hillsborough County,BIKE_SHARE,43.77655
313,Hillsborough County,OTHER,150.09488
313,Hillsborough County,SHUTTLE_VANPOOL,86.73801
313,Hillsborough County,WALK,4991.29589000001
314,Hillsborough County,AUTO,13942.79991
314,Hillsborough County,BIKE,431.73999
314,Hillsborough County,BIKE_SHARE,9.14181
314,Hillsborough County,SHUTTLE_VANPOOL,257.6794
314,Hillsborough County,WALK,1778.87492
315,Hillsborough County,AUTO,1360.77481
315,Hillsborough County,BIKE,431.73999
315,Hillsborough County,SHUTTLE_VANPOOL,18.28361
315,Hillsborough County,WALK,385.04886
316,Hillsborough County,WALK,88.78122
317,Hillsborough County,AUTO,1914.66479
317,Hillsborough County,WALK,2350.71646
318,Hillsborough County,AUTO,1384.42663
318,Hillsborough County,BIKE,863.47998
318,Hillsborough County,WALK,88.78122
319,Hillsborough County,AUTO,5087.83192
319,Hillsborough County,WALK,2439.49768
320,Hillsborough County,AUTO,91.37184
321,Hillsborough County,AUTO,8.05653
322,Hillsborough County,AUTO,53.98372
323,Hillsborough County,AUTO,178.50521
323,Hillsborough County,OTHER,98.47162
325,Hillsborough County,AUTO,213.07776
326,Hillsborough County,AUTO,1212.66404
327,Hillsborough County,AUTO,6.09454
328,Hillsborough County,AUTO,1413.98326
329,Hillsborough County,AUTO,37.19194
329,Hillsborough County,OTHER,6.09454
329,Hillsborough County,TRANSIT,34.97682
330,Hillsborough County,AUTO,70.62285
332,Hillsborough County,AUTO,22.72942
332,Hillsborough County,WALK,45.45884
333,Hillsborough County,AUTO,30.40028
333,Hillsborough County,WALK,26.70812
334,Hillsborough County,WALK,22.72942
335,Hillsborough County,AUTO,674.20522
339,Hillsborough County,AUTO,137.4781
343,Hillsborough County,AUTO,22.95343
347,Hillsborough County,AUTO,22.72942
347,Hillsborough County,BIKE,22.72942
348,Hillsborough County,AUTO,22.93115
349,Hillsborough County,AUTO,158.48067
350,Hillsborough County,AUTO,387.85806
351,Hillsborough County,AUTO,81.55898
351,Hillsborough County,WALK,634.8667
352,Hillsborough County,AUTO,18.28362
352,Hillsborough County,WALK,634.8667
353,Hillsborough County,AUTO,489.87935
354,Hillsborough County,AUTO,276.58794
355,Hillsborough County,AUTO,124.09318
360,Hillsborough County,AUTO,91.21726
361,Hillsborough County,AUTO,158.49684
361,Hillsborough County,TNC,39.62421
362,Hillsborough County,AUTO,6.09454
364,Hillsborough County,AUTO,16.52086
364,Hillsborough County,WALK,79.24842
366,Hillsborough County,AUTO,2406.26601
367,Hillsborough County,AUTO,32.18465
369,Hillsborough County,AUTO,6.09454
384,Hillsborough County,AUTO,33.84437
386,Hillsborough County,AUTO,36.56724
387,Hillsborough County,AUTO,6.09454
393,Hillsborough County,AUTO,324.62404
398,Hillsborough County,AUTO,115.47525
402,Hillsborough County,AUTO,463.17858
403,Hillsborough County,AUTO,6.09454
409,Hillsborough County,AUTO,42.66178
418,Hillsborough County,AUTO,444.56561
420,Hillsborough County,AUTO,6.09454
422,Hillsborough County,AUTO,180.21949
424,Hillsborough County,AUTO,158.07749
425,Hillsborough County,AUTO,2400.33773
427,Hillsborough County,AUTO,248.01973
430,Hillsborough County,AUTO,24.84626
431,Hillsborough County,AUTO,134.8433
432,Hillsborough County,AUTO,98.51044
433,Hillsborough County,AUTO,22.72942
434,Hillsborough County,AUTO,175.20444
435,Hillsborough County,AUTO,1353.83521
436,Hillsborough County,AUTO,1040.71934
438,Hillsborough County,AUTO,162.24274
438,Hillsborough County,LONG_DIST_PASS,115.9253
441,Hillsborough County,AUTO,4135.85545
441,Hillsborough County,SHUTTLE_VANPOOL,9.14181
442,Hillsborough County,AUTO,2275.78582
443,Hillsborough County,AUTO,5089.45509
443,Hillsborough County,BIKE,74.58624
443,Hillsborough County,TRANSIT,18.4764
443,Hillsborough County,WALK,1127.67828
445,Hillsborough County,AUTO,6.09454
446,Hillsborough County,AUTO,140.44742
447,Hillsborough County,AUTO,4481.11017
448,Hillsborough County,AUTO,261.60481
448,Hillsborough County,TRANSIT,12.3176
451,Hillsborough County,AUTO,18.28362
452,Hillsborough County,AUTO,7.00233
452,Hillsborough County,WALK,6.1588
454,Hillsborough County,AUTO,181.18042
456,Hillsborough County,AUTO,2193.65945
456,Hillsborough County,TRANSIT,174.96754
457,Hillsborough County,AUTO,27.85329
458,Hillsborough County,AUTO,267.78925
458,Hillsborough County,SHUTTLE_VANPOOL,64.11816
459,Hillsborough County,AUTO,321.89789
460,Hillsborough County,AUTO,407.37017
461,Hillsborough County,AUTO,647.67485
461,Hillsborough County,TNC,9.14181
462,Hillsborough County,AUTO,45.45884
464,Hillsborough County,AUTO,160.22865
466,Hillsborough County,AUTO,213.99804
474,Hillsborough County,AUTO,87.72677
476,Hillsborough County,AUTO,201.77584
477,Hillsborough County,AUTO,71.83124
481,Hillsborough County,AUTO,6.1588
483,Hillsborough County,AUTO,18.28361
484,Hillsborough County,AUTO,24.37816
485,Hillsborough County,AUTO,114.55339
485,Hillsborough County,WALK,18.28361
487,Hillsborough County,AUTO,2968.16248
488,Hillsborough County,AUTO,34.82312
493,Hillsborough County,AUTO,102.69779
494,Hillsborough County,AUTO,6.09454
495,Hillsborough County,AUTO,38.85126
496,Hillsborough County,AUTO,3686.05025
497,Hillsborough County,AUTO,6.09454
498,Hillsborough County,AUTO,6.09454
500,Hillsborough County,AUTO,18.28361
503,Hillsborough County,AUTO,1011.61831
503,Hillsborough County,BIKE,101.3056
504,Hillsborough County,AUTO,3026.99709
504,Hillsborough County,WALK,297.85148
505,Hillsborough County,AUTO,9.14181
506,Hillsborough County,AUTO,9.14181
507,Hillsborough County,AUTO,26.70134
507,Hillsborough County,WALK,5.18124
508,Hillsborough County,AUTO,2.59062
509,Hillsborough County,AUTO,62.10839
510,Hillsborough County,AUTO,229.90942
512,Hillsborough County,AUTO,601.86263
513,Hillsborough County,AUTO,601.86263
515,Hillsborough County,AUTO,36.56724
516,Hillsborough County,AUTO,2530.91428
517,Hillsborough County,AUTO,8150.01813
517,Hillsborough County,OTHER,119.03877
518,Hillsborough County,AUTO,45.70905
519,Hillsborough County,AUTO,50.4084
519,Hillsborough County,WALK,9.14181
521,Hillsborough County,AUTO,110.29669
522,Hillsborough County,AUTO,321.27876
523,Hillsborough County,AUTO,226.51392
524,Hillsborough County,AUTO,173.71252
525,Hillsborough County,AUTO,34.63474
526,Hillsborough County,AUTO,2153.88476
527,Hillsborough County,AUTO,18.28361
528,Hillsborough County,AUTO,57.90067
529,Hillsborough County,AUTO,117.03652
530,Hillsborough County,AUTO,64.11816
531,Hillsborough County,AUTO,100.81578
532,Hillsborough County,AUTO,31.87123
533,Hillsborough County,AUTO,117.24808
534,Hillsborough County,AUTO,763.52888
534,Hillsborough County,SHUTTLE_VANPOOL,64.11816
534,Hillsborough County,WALK,128.23632
535,Hillsborough County,AUTO,2562.64002
540,Hillsborough County,AUTO,80.09358
541,Hillsborough County,AUTO,148.37336
542,Hillsborough County,AUTO,23.06988
542,Hillsborough County,WALK,46.13976
543,Hillsborough County,TRANSIT,6.1588
545,Hillsborough County,AUTO,26.99186
547,Hillsborough County,AUTO,179.09455
547,Hillsborough County,TRANSIT,6.1588
548,Hillsborough County,AUTO,79.54702
548,Hillsborough County,WALK,46.73571
551,Hillsborough County,AUTO,98.70014
553,Hillsborough County,AUTO,6.09454
557,Hillsborough County,AUTO,32.12478
558,Hillsborough County,AUTO,3603.77792
561,Hillsborough County,AUTO,9.14181
562,Hillsborough County,AUTO,519.37946
563,Hillsborough County,AUTO,54.13355
564,Hillsborough County,AUTO,170.17249
567,Hillsborough County,AUTO,38.97863
567,Hillsborough County,TRANSIT,106.38942
567,Hillsborough County,WALK,277.43146
568,Hillsborough County,AUTO,118.77771
568,Hillsborough County,WALK,153.12513
569,Hillsborough County,AUTO,46.07377
571,Hillsborough County,AUTO,2976.51307
571,Hillsborough County,TRANSIT,102.59998
571,Hillsborough County,WALK,185.82579
572,Hillsborough County,AUTO,123.74612
572,Hillsborough County,TRANSIT,9.3922
572,Hillsborough County,WALK,18.31567
574,Hillsborough County,BIKE,22.78001
574,Hillsborough County,WALK,72.32759
576,Hillsborough County,AUTO,22.72942
577,Hillsborough County,AUTO,247.8464
577,Hillsborough County,BIKE,102.69779
578,Hillsborough County,AUTO,26.70812
579,Hillsborough County,AUTO,27.42543
580,Hillsborough County,CAR_SHARE,115.9253
583,Hillsborough County,WALK,3.08709
585,Hillsborough County,TRANSIT,46.83308
585,Hillsborough County,WALK,47.79416
586,Hillsborough County,AUTO,139.49851
588,Hillsborough County,AUTO,36.56724
589,Hillsborough County,AUTO,79.18514
589,Hillsborough County,WALK,6.09454
590,Hillsborough County,AUTO,1192.26739
590,Hillsborough County,TRANSIT,18.28361
590,Hillsborough County,WALK,12.237
591,Hillsborough County,AUTO,49.43754
591,Hillsborough County,TRANSIT,18.31567
592,Hillsborough County,AUTO,210.73023
593,Hillsborough County,AUTO,6.4812
594,Hillsborough County,AUTO,305.98111
594,Hillsborough County,TRANSIT,68.58716
598,Hillsborough County,AUTO,1203.53445
598,Hillsborough County,BIKE,157.51853
598,Hillsborough County,SHUTTLE_VANPOOL,40.59258
598,Hillsborough County,WALK,564.88066
599,Hillsborough County,AUTO,18.28361
600,Hillsborough County,AUTO,3636.48107
600,Hillsborough County,BIKE,367.77848
600,Hillsborough County,TRANSIT,3.08709
600,Hillsborough County,WALK,420.97226
601,Hillsborough County,AUTO,69.06731
601,Hillsborough County,WALK,6.33345
602,Hillsborough County,AUTO,6.09454
603,Hillsborough County,AUTO,787.09376
603,Hillsborough County,WALK,842.01999
604,Hillsborough County,AUTO,18.28362
604,Hillsborough County,WALK,552.58463
606,Hillsborough County,AUTO,6.09454
607,Hillsborough County,AUTO,173.93061
609,Hillsborough County,AUTO,979.41382
611,Hillsborough County,WALK,115.80876
612,Hillsborough County,AUTO,167.95488
613,Hillsborough County,AUTO,151.42398
613,Hillsborough County,WALK,18.31567
615,Hillsborough County,AUTO,139.24149
617,Hillsborough County,AUTO,36.56722
618,Hillsborough County,AUTO,749.23804
618,Hillsborough County,WALK,18.28361
619,Hillsborough County,AUTO,137.4781
619,Hillsborough County,WALK,18.28361
620,Hillsborough County,AUTO,54.80582
621,Hillsborough County,AUTO,24.76481
621,Hillsborough County,WALK,6.09454
622,Hillsborough County,TRANSIT,119.03877
623,Hillsborough County,AUTO,3345.93809
623,Hillsborough County,TRANSIT,150.04955
624,Hillsborough County,AUTO,70.90437
624,Hillsborough County,TRANSIT,6.09454
624,Hillsborough County,WALK,19.00035
626,Hillsborough County,WALK,6.33345
628,Hillsborough County,AUTO,6.33345
628,Hillsborough County,WALK,25.3338
629,Hillsborough County,AUTO,238.956
631,Hillsborough County,AUTO,82.05812
631,Hillsborough County,TRANSIT,18.31567
631,Hillsborough County,WALK,54.94701
634,Hillsborough County,AUTO,750.70631
634,Hillsborough County,WALK,22.72942
635,Hillsborough County,AUTO,7334.87358
635,Hillsborough County,WALK,22.72942
636,Hillsborough County,AUTO,122.1784
637,Hillsborough County,AUTO,149.78103
638,Hillsborough County,AUTO,69.26948
639,Hillsborough County,AUTO,98.65595
639,Hillsborough County,CAR_SHARE,115.9253
641,Hillsborough County,TRANSIT,52.89008
644,Hillsborough County,AUTO,204.84176
644,Hillsborough County,WALK,22.72942
645,Hillsborough County,WALK,6.09454
646,Hillsborough County,AUTO,1272.96607
646,Hillsborough County,WALK,3.39135
647,Hillsborough County,AUTO,149.74679
649,Hillsborough County,AUTO,574.428
650,Hillsborough County,AUTO,140.38664
650,Hillsborough County,WALK,22.72942
651,Hillsborough County,AUTO,180.91951
652,Hillsborough County,AUTO,8.05653
656,Hillsborough County,AUTO,39.62421
658,Hillsborough County,AUTO,166.6346
659,Hillsborough County,AUTO,271.93355
660,Hillsborough County,AUTO,26.99186
663,Hillsborough County,AUTO,972.93262
664,Hillsborough County,AUTO,34.63474
665,Hillsborough County,AUTO,767.46147
666,Hillsborough County,TNC,56.16277
668,Hillsborough County,AUTO,1882.08448
669,Hillsborough County,AUTO,34.63474
675,Hillsborough County,AUTO,2918.79786
676,Hillsborough County,AUTO,7955.06476
676,Hillsborough County,BIKE,32.12478
676,Hillsborough County,WALK,73.53194
677,Hillsborough County,AUTO,45.45884
678,Hillsborough County,AUTO,1.25453
679,Hillsborough County,AUTO,126.64954
682,Hillsborough County,AUTO,36.56724
684,Hillsborough County,AUTO,424.5162
690,Hillsborough County,AUTO,227.19168
691,Hillsborough County,AUTO,39.61705
692,Hillsborough County,AUTO,50.05633
693,Hillsborough County,AUTO,203.3588
694,Hillsborough County,AUTO,12.18908
695,Hillsborough County,AUTO,87.34644
697,Hillsborough County,AUTO,64.80634
699,Hillsborough County,AUTO,337.363
703,Hillsborough County,AUTO,31.24589
705,Hillsborough County,AUTO,4075.67297
707,Hillsborough County,AUTO,61.28081
708,Hillsborough County,AUTO,110.54857
708,Hillsborough County,WALK,3.08709
711,Hillsborough County,AUTO,39.61705
712,Hillsborough County,AUTO,2483.57932
713,Hillsborough County,AUTO,6.09454
714,Hillsborough County,AUTO,57.90066
715,Hillsborough County,AUTO,2345.21462
716,Hillsborough County,AUTO,30.04662
719,Hillsborough County,AUTO,262.61361
719,Hillsborough County,WALK,159.87288
720,Hillsborough County,AUTO,97.86888
722,Hillsborough County,AUTO,273.93916
723,Hillsborough County,AUTO,2327.06946
723,Hillsborough County,WALK,200.12367
724,Hillsborough County,AUTO,32.12478
725,Hillsborough County,AUTO,127.97634
726,Hillsborough County,AUTO,39.61705
728,Hillsborough County,AUTO,30.4727
732,Hillsborough County,AUTO,255.82049
733,Hillsborough County,AUTO,713.409
734,Hillsborough County,AUTO,113.36745
734,Hillsborough County,WALK,473.31435
735,Hillsborough County,AUTO,6.09454
735,Hillsborough County,WALK,42.66178
736,Hillsborough County,AUTO,4029.33889
737,Hillsborough County,AUTO,2936.84868
737,Hillsborough County,WALK,193.77146
738,Hillsborough County,AUTO,58.25183
741,Hillsborough County,AUTO,1106.62255
741,Hillsborough County,TRANSIT,3.08709
744,Hillsborough County,AUTO,7286.17536
745,Hillsborough County,AUTO,367.6665
749,Hillsborough County,AUTO,6.56839
752,Hillsborough County,AUTO,303.9659
754,Hillsborough County,AUTO,472.7946
760,Hillsborough County,AUTO,157.2227
761,Hillsborough County,AUTO,412.58319
761,Hillsborough County,WALK,52.99758
763,Hillsborough County,AUTO,44.99173
763,Hillsborough County,WALK,36.56722
764,Hillsborough County,AUTO,26.70812
766,Hillsborough County,AUTO,57.36416
767,Hillsborough County,AUTO,0.58928
768,Hillsborough County,AUTO,10.82378
769,Hillsborough County,AUTO,216.23853
770,Hillsborough County,AUTO,3700.85412
771,Hillsborough County,AUTO,3564.16527
772,Hillsborough County,AUTO,289.07399
772,Hillsborough County,TRANSIT,57.48727
773,Hillsborough County,AUTO,22.72942
774,Hillsborough County,AUTO,22.72942
775,Hillsborough County,AUTO,2327.02278
780,Hillsborough County,AUTO,18.28361
781,Hillsborough County,AUTO,217.62247
785,Hillsborough County,AUTO,119.44529
786,Hillsborough County,AUTO,279.36262
793,Hillsborough County,AUTO,18.28361
795,Hillsborough County,AUTO,18.28361
796,Hillsborough County,AUTO,0.58928
797,Hillsborough County,AUTO,111.10589
798,Hillsborough County,AUTO,6.09454
799,Hillsborough County,AUTO,386.72836
800,Hillsborough County,AUTO,286.91826
801,Hillsborough County,AUTO,38.42434
802,Hillsborough County,AUTO,172.46854
805,Hillsborough County,AUTO,86.23427
807,Hillsborough County,AUTO,207.47495
808,Hillsborough County,AUTO,213.16744
809,Hillsborough County,AUTO,2553.22441
810,Hillsborough County,AUTO,1046.84994
811,Hillsborough County,AUTO,1260.36682
812,Hillsborough County,AUTO,554.13947
814,Hillsborough County,AUTO,36.56724
815,Hillsborough County,AUTO,99.3438
817,Hillsborough County,AUTO,2573.1636
817,Hillsborough County,WALK,197.02252
818,Hillsborough County,AUTO,3949.09128
819,Hillsborough County,AUTO,28.50312
820,Hillsborough County,AUTO,36.56724
822,Hillsborough County,AUTO,159.96207
823,Hillsborough County,AUTO,117.83882
824,Hillsborough County,AUTO,13.84149
826,Hillsborough County,AUTO,52.23128
828,Hillsborough County,AUTO,123.50148
830,Hillsborough County,AUTO,40.11416
832,Hillsborough County,AUTO,0.58928
833,Hillsborough County,AUTO,96.34572
835,Hillsborough County,AUTO,132.1532
836,Hillsborough County,AUTO,92.10421
840,Hillsborough County,AUTO,485.74738
845,Hillsborough County,AUTO,84.69172
846,Hillsborough County,AUTO,169.70858
848,Hillsborough County,AUTO,45.45884
848,Hillsborough County,WALK,78.26114
855,Hillsborough County,AUTO,1154.38593
855,Hillsborough County,WALK,53.41624
856,Hillsborough County,AUTO,729.5605
858,Hillsborough County,AUTO,440.48651
861,Hillsborough County,AUTO,84.85429
868,Hillsborough County,AUTO,806.90441
871,Hillsborough County,AUTO,3247.51888
876,Hillsborough County,AUTO,42.46659
1006,Pinellas County,AUTO,48.75631
1009,Pinellas County,AUTO,3651.94984
1019,Pinellas County,AUTO,1412.06859
1025,Pinellas County,AUTO,32.12478
1025,Pinellas County,WALK,61.34286
1033,Pinellas County,AUTO,248.31061
1039,Pinellas County,AUTO,539.79198
1039,Pinellas County,WALK,634.28056
1041,Pinellas County,AUTO,83.07788
1043,Pinellas County,AUTO,83.07788
1051,Pinellas County,AUTO,960.10372
1052,Pinellas County,AUTO,196.54588
1058,Pinellas County,AUTO,47.10898
1063,Pinellas County,AUTO,59.22926
1064,Pinellas County,AUTO,67.63373
1070,Pinellas County,AUTO,1933.27746
1075,Pinellas County,AUTO,47.10898
1079,Pinellas County,AUTO,67.63373
1085,Pinellas County,AUTO,828.1082
1088,Pinellas County,AUTO,5851.55977
1089,Pinellas County,AUTO,2396.63116
1091,Pinellas County,AUTO,150.4553
1092,Pinellas County,AUTO,166.37163
1093,Pinellas County,AUTO,67.63373
1097,Pinellas County,AUTO,155.30286
1099,Pinellas County,AUTO,1090.28994
1105,Pinellas County,AUTO,1805.79296
1107,Pinellas County,AUTO,3571.28073
1108,Pinellas County,BIKE,51.15216
1109,Pinellas County,AUTO,32.12478
1114,Pinellas County,AUTO,139.05762
1115,Pinellas County,SCHOOL_BUS,204.45178
1117,Pinellas County,AUTO,103.24079
1121,Pinellas County,AUTO,93.90811
1123,Pinellas County,AUTO,2234.50651
1125,Pinellas County,AUTO,1902.53427
1129,Pinellas County,AUTO,1066.50537
1131,Pinellas County,BIKE,25.57608
1131,Pinellas County,TRANSIT,38.97244
1132,Pinellas County,AUTO,144.78676
1132,Pinellas County,WALK,204.88352
1133,Pinellas County,AUTO,12.6669
1135,Pinellas County,AUTO,6.33345
1137,Pinellas County,AUTO,954.96168
1141,Pinellas County,AUTO,3712.31941
1144,Pinellas County,AUTO,2347.47862
1146,Pinellas County,AUTO,202.90119
1147,Pinellas County,AUTO,7223.7309
1148,Pinellas County,AUTO,2.06313
1156,Pinellas County,AUTO,968.80051
1158,Pinellas County,AUTO,1589.13977
1163,Pinellas County,AUTO,101.98105
1168,Pinellas County,TNC,140.68656
1174,Pinellas County,AUTO,57.92194
1175,Pinellas County,SCHOOL_BUS,246.70754
1176,Pinellas County,AUTO,455.5841
1182,Pinellas County,AUTO,7453.35327
1184,Pinellas County,TRANSIT,184.42648
1185,Pinellas County,AUTO,954.96168
1188,Pinellas County,AUTO,2.06313
1189,Pinellas County,AUTO,2.06313
1190,Pinellas County,AUTO,864.65456
1191,Pinellas County,AUTO,5264.06271
1192,Pinellas County,AUTO,6746.15798
1192,Pinellas County,WALK,197.22818
1193,Pinellas County,AUTO,6.09454
1193,Pinellas County,WALK,6.09454
1194,Pinellas County,AUTO,613.11764
1211,Pinellas County,AUTO,432.32728
1211,Pinellas County,TRANSIT,38.97244
1212,Pinellas County,AUTO,634.17809
1215,Pinellas County,AUTO,142.48866
1217,Pinellas County,AUTO,234.35391
1217,Pinellas County,TRANSIT,151.67864
1224,Pinellas County,AUTO,298.98194
1225,Pinellas County,AUTO,634.17809
1227,Pinellas County,AUTO,634.17809
1228,Pinellas County,AUTO,3506.88783
1229,Pinellas County,AUTO,646.36717
1272,Pinellas County,AUTO,79.05105
1274,Pinellas County,AUTO,155.03129
1275,Pinellas County,AUTO,506.22177
1288,Pinellas County,AUTO,74.31374
1289,Pinellas County,AUTO,531.71235
1293,Pinellas County,AUTO,594.83401
1297,Pinellas County,AUTO,98.90377
1300,Pinellas County,TRANSIT,151.67864
1302,Pinellas County,BIKE,1938.27841
1303,Pinellas County,TRANSIT,151.67864
1303,Pinellas County,WALK,151.67864
1304,Pinellas County,TRANSIT,98.36514
1307,Pinellas County,AUTO,98.28562
1307,Pinellas County,WALK,98.28562
1308,Pinellas County,AUTO,506.22177
1309,Pinellas County,AUTO,4621.29096
1311,Pinellas County,AUTO,7154.1039
1314,Pinellas County,BIKE,1938.27841
1315,Pinellas County,AUTO,118.46403
1315,Pinellas County,TNC,99.54073
1316,Pinellas County,AUTO,79.05105
1319,Pinellas County,AUTO,5516.79206
1326,Pinellas County,AUTO,810.21513
1328,Pinellas County,AUTO,594.83401
1333,Pinellas County,AUTO,7.92682
1335,Pinellas County,AUTO,67.63373
1337,Pinellas County,AUTO,201.86362
1338,Pinellas County,AUTO,248.01973
1342,Pinellas County,AUTO,2329.77458
1344,Pinellas County,AUTO,59.26546
1347,Pinellas County,AUTO,98.28562
1352,Pinellas County,AUTO,634.17809
1356,Pinellas County,AUTO,278.87403
1357,Pinellas County,AUTO,2.06313
1359,Pinellas County,AUTO,118.75578
1366,Pinellas County,AUTO,1060.94516
1366,Pinellas County,TNC,139.02503
1367,Pinellas County,AUTO,156.09918
1370,Pinellas County,AUTO,46.30167
1370,Pinellas County,WALK,39.96822
1372,Pinellas County,AUTO,248.45415
1377,Pinellas County,AUTO,38.10015
1378,Pinellas County,AUTO,100.93181
1384,Pinellas County,TRANSIT,23.62377
1387,Pinellas County,WALK,39.6174
1389,Pinellas County,AUTO,119.47992
1392,Pinellas County,AUTO,3489.70642
1394,Pinellas County,AUTO,1101.82235
1401,Pinellas County,AUTO,152.32438
1402,Pinellas County,AUTO,7.92682
1404,Pinellas County,AUTO,13.09026
1405,Pinellas County,AUTO,4.36342
1412,Pinellas County,AUTO,510.93763
1413,Pinellas County,AUTO,4.36342
1416,Pinellas County,AUTO,990.27454
1420,Pinellas County,AUTO,599.61156
1422,Pinellas County,AUTO,100.93181
1423,Pinellas County,AUTO,8.72684
1427,Pinellas County,AUTO,499.50069
1429,Pinellas County,AUTO,12.18908
1429,Pinellas County,OTHER,12.18908
1431,Pinellas County,AUTO,238.95984
1431,Pinellas County,WALK,39.6174
1434,Pinellas County,AUTO,814.23917
1443,Pinellas County,AUTO,79.05105
1445,Pinellas County,AUTO,205.47215
1449,Pinellas County,AUTO,40.24512
1452,Pinellas County,AUTO,118.46403
1454,Pinellas County,AUTO,3569.19238
1455,Pinellas County,AUTO,5911.51307
1457,Pinellas County,AUTO,4.36342
1460,Pinellas County,AUTO,12.18908
1463,Pinellas County,AUTO,30.65626
1464,Pinellas County,AUTO,15.85364
1467,Pinellas County,AUTO,35.30889
1469,Pinellas County,AUTO,9.14181
1470,Pinellas County,AUTO,885.85083
1472,Pinellas County,AUTO,109.52828
1473,Pinellas County,AUTO,7314.56437
1474,Pinellas County,AUTO,118.46403
1477,Pinellas County,AUTO,9.14181
1478,Pinellas County,AUTO,9.14181
1478,Pinellas County,WALK,98.8018
1481,Pinellas County,AUTO,143.14127
1483,Pinellas County,AUTO,27.38207
1485,Pinellas County,AUTO,758.92132
1486,Pinellas County,AUTO,12.29024
1489,Pinellas County,AUTO,1472.31106
1491,Pinellas County,WALK,98.8018
1493,Pinellas County,AUTO,136.91035
1499,Pinellas County,AUTO,2381.84625
1507,Pinellas County,AUTO,39.6174
1516,Pinellas County,AUTO,1979.93063
1521,Pinellas County,AUTO,18.28361
1522,Pinellas County,AUTO,18.28361
1528,Pinellas County,AUTO,39.6174
1536,Pinellas County,AUTO,98.27294
1538,Pinellas County,AUTO,299.4936
1540,Pinellas County,AUTO,101.78052
1544,Pinellas County,AUTO,843.51047
1545,Pinellas County,AUTO,1015.506
1546,Pinellas County,AUTO,98.50137
1546,Pinellas County,WALK,323.19944
1547,Pinellas County,AUTO,138.13164
1553,Pinellas County,AUTO,62.59255
1554,Pinellas County,AUTO,39.52556
1555,Pinellas County,AUTO,174.31208
1557,Pinellas County,AUTO,1881.05572
1558,Pinellas County,AUTO,511.60887
1560,Pinellas County,AUTO,3009.18839
1561,Pinellas County,AUTO,237.88331
1562,Pinellas County,TRANSIT,151.67864
1562,Pinellas County,WALK,248.5209
1563,Pinellas County,AUTO,150.11502
1563,Pinellas County,TRANSIT,99.54073
1568,Pinellas County,AUTO,18.28361
1570,Pinellas County,AUTO,237.15336
1581,Pinellas County,AUTO,27.38207
1582,Pinellas County,AUTO,99.17919
1583,Pinellas County,AUTO,139.35364
1592,Pinellas County,AUTO,150.11502
1595,Pinellas County,AUTO,1148.37678
1597,Pinellas County,AUTO,39.52556
1598,Pinellas County,AUTO,303.71749
1599,Pinellas County,AUTO,40.98183
1603,Pinellas County,AUTO,150.09488
1604,Pinellas County,AUTO,39.52556
1609,Pinellas County,AUTO,1.48936
1610,Pinellas County,AUTO,39.52556
1611,Pinellas County,AUTO,39.6174
1615,Pinellas County,AUTO,39.52556
1619,Pinellas County,AUTO,39.52556
1622,Pinellas County,AUTO,536.96373
1628,Pinellas County,AUTO,4.36342
1632,Pinellas County,AUTO,67.63373
1635,Pinellas County,AUTO,39.52556
1636,Pinellas County,AUTO,39.52556
1640,Pinellas County,BIKE,567.07733
1642,Pinellas County,AUTO,26.45239
1645,Pinellas County,AUTO,4224.22498
1645,Pinellas County,TRANSIT,1128.06209
1645,Pinellas County,WALK,1177.3427
1646,Pinellas County,AUTO,102.44176
1647,Pinellas County,AUTO,115.74367
1648,Pinellas County,OTHER,39.52556
1652,Pinellas County,TRANSIT,1128.06209
1657,Pinellas County,AUTO,57.92194
1658,Pinellas County,AUTO,630.95723
1665,Pinellas County,WALK,99.85638
1666,Pinellas County,AUTO,118.57668
1667,Pinellas County,AUTO,73.99411
1668,Pinellas County,AUTO,731.67708
1668,Pinellas County,BIKE,13.09026
1668,Pinellas County,WALK,99.85638
1669,Pinellas County,AUTO,139.13034
1670,Pinellas County,AUTO,1120.94485
1673,Pinellas County,AUTO,4.36342
1673,Pinellas County,BIKE,13.09026
1674,Pinellas County,AUTO,39.52556
1674,Pinellas County,BIKE,4.36342
1677,Pinellas County,AUTO,3648.99178
1677,Pinellas County,TRANSIT,140.68656
1678,Pinellas County,WALK,99.52267
1681,Pinellas County,BIKE,626.97143
1685,Pinellas County,AUTO,115.74367
1687,Pinellas County,AUTO,135.26746
1693,Pinellas County,AUTO,1195.35429
1697,Pinellas County,AUTO,22.72944
1697,Pinellas County,TRANSIT,33.38882
1698,Pinellas County,AUTO,433.92935
1699,Pinellas County,AUTO,219.46534
1699,Pinellas County,BIKE,533.57169
1700,Pinellas County,AUTO,612.80649
1700,Pinellas County,BIKE,533.57169
1700,Pinellas County,WALK,79.2348
1701,Pinellas County,AUTO,300.18976
1702,Pinellas County,WALK,79.2348
1706,Pinellas County,AUTO,1606.15656
1706,Pinellas County,WALK,793.1082
1707,Pinellas County,WALK,793.1082
1709,Pinellas County,BIKE,8.72684
1709,Pinellas County,WALK,99.52267
1715,Pinellas County,AUTO,98.50137
1716,Pinellas County,AUTO,313.38872
1718,Pinellas County,AUTO,1152.30348
1722,Pinellas County,AUTO,3680.82858
1727,Pinellas County,AUTO,2256.12418
1734,Pinellas County,AUTO,2067.49264
1734,Pinellas County,BIKE,521.93432
1734,Pinellas County,WALK,1559.35717
1736,Pinellas County,AUTO,61.51773
1740,Pinellas County,AUTO,98.59458
1741,Pinellas County,WALK,117.33586
1742,Pinellas County,WALK,117.33586
1754,Pinellas County,AUTO,219.46534
1763,Pinellas County,AUTO,438.93068
1764,Pinellas County,WALK,369.28703
1765,Pinellas County,AUTO,1747.75143
1771,Pinellas County,AUTO,46.63542
1774,Pinellas County,BIKE,369.28703
1774,Pinellas County,WALK,369.28703
2002,Pasco County,AUTO,115.60358
2005,Pasco County,AUTO,24.37816
2005,Pasco County,WALK,12.18908
2006,Pasco County,AUTO,6.09454
2008,Pasco County,AUTO,56.28656
2009,Pasco County,AUTO,47.90157
2012,Pasco County,AUTO,6.09454
2014,Pasco County,AUTO,12.18908
2016,Pasco County,AUTO,32.12494
2017,Pasco County,AUTO,6.09454
2021,Pasco County,AUTO,138.93011
2025,Pasco County,AUTO,6.09454
2028,Pasco County,AUTO,115.47545
2029,Pasco County,AUTO,115.47545
2030,Pasco County,AUTO,421.38575
2031,Pasco County,AUTO,100.23851
2032,Pasco County,AUTO,199.1927
2033,Pasco County,AUTO,51.80359
2035,Pasco County,AUTO,877.99647
2037,Pasco County,AUTO,40.99204
2040,Pasco County,AUTO,847.08511
2041,Pasco County,AUTO,237.28374
2042,Pasco County,AUTO,146.02177
2045,Pasco County,AUTO,6.09454
2046,Pasco County,AUTO,3388.34044
2048,Pasco County,AUTO,6.09454
2049,Pasco County,AUTO,853.17965
2050,Pasco County,AUTO,110.42066
2051,Pasco County,AUTO,11.28192
2053,Pasco County,AUTO,847.08511
2059,Pasco County,AUTO,4.16652
2060,Pasco County,AUTO,6.09454
2068,Pasco County,AUTO,398.3854
2070,Pasco County,AUTO,12.18908
2076,Pasco County,AUTO,122.97612
2083,Pasco County,AUTO,844.51854
2084,Pasco County,AUTO,398.3854
2086,Pasco County,AUTO,531.71235
2087,Pasco County,AUTO,227.04599
2089,Pasco County,AUTO,1511.4176
2095,Pasco County,AUTO,203.83832
2098,Pasco County,AUTO,98.27294
2101,Pasco County,AUTO,214.7199
2103,Pasco County,AUTO,155.30286
2105,Pasco County,AUTO,101.91916
2106,Pasco County,AUTO,6.09454
2108,Pasco County,WALK,120.59199
2112,Pasco County,AUTO,104.67973
2121,Pasco County,AUTO,3462.40718
2123,Pasco County,AUTO,9.14181
2131,Pasco County,AUTO,219.02043
2133,Pasco County,AUTO,18.28362
2136,Pasco County,AUTO,88.91656
2140,Pasco County,AUTO,6.09454
2145,Pasco County,AUTO,3435.69906
2148,Pasco County,AUTO,976.83833
2149,Pasco County,AUTO,275.30624
2149,Pasco County,WALK,26.70812
2150,Pasco County,AUTO,155.11493
2152,Pasco County,AUTO,57.36416
2158,Pasco County,AUTO,26.73529
2166,Pasco County,AUTO,116.55655
2181,Pasco County,AUTO,6.09454
2185,Pasco County,AUTO,26.70826
2187,Pasco County,AUTO,6.09454
2188,Pasco County,AUTO,2690.42329
2190,Pasco County,AUTO,3673.31932
2190,Pasco County,OTHER,585.45579
2190,Pasco County,WALK,22.56384
2191,Pasco County,AUTO,200.47702
2206,Pasco County,AUTO,299.68553
2211,Pasco County,AUTO,2752.67657
2212,Pasco County,AUTO,104.95353
2213,Pasco County,AUTO,155.30286
2216,Pasco County,AUTO,3060.0389
2219,Pasco County,AUTO,809.40127
2229,Pasco County,AUTO,419.78739
2230,Pasco County,AUTO,281.95912
2232,Pasco County,AUTO,4.16652
2235,Pasco County,AUTO,88.91656
2240,Pasco County,AUTO,235.31935
2241,Pasco County,AUTO,199.95163
2242,Pasco County,AUTO,429.4398
2244,Pasco County,AUTO,36.56722
2246,Pasco County,AUTO,102.70049
2248,Pasco County,AUTO,217.94208
2249,Pasco County,AUTO,147.60233
2256,Pasco County,AUTO,217.94208
2270,Pasco County,AUTO,22.72942
2271,Pasco County,AUTO,627.34609
2272,Pasco County,AUTO,410.00667
2273,Pasco County,AUTO,1244.78207
2278,Pasco County,AUTO,24.37816
2280,Pasco County,AUTO,2911.38326
2281,Pasco County,AUTO,627.34609
2287,Pasco County,AUTO,159.13475
2288,Pasco County,AUTO,104.43388
2288,Pasco County,WALK,104.43388
2289,Pasco County,WALK,104.43388
2297,Pasco County,AUTO,4841.6804
2301,Pasco County,AUTO,50.41752
2302,Pasco County,AUTO,42.90684
2303,Pasco County,AUTO,84.86229
2304,Pasco County,AUTO,57.97823
2305,Pasco County,AUTO,498.36964
2305,Pasco County,WALK,196.54588
2306,Pasco County,AUTO,1230.02001
2309,Pasco County,AUTO,6.09454
2309,Pasco County,WALK,104.36897
2313,Pasco County,AUTO,1025.43854
2317,Pasco County,AUTO,98.58519
2318,Pasco County,AUTO,161.90966
2322,Pasco County,AUTO,6.09454
2323,Pasco County,AUTO,27.8155
2324,Pasco County,AUTO,3872.22596
2324,Pasco County,WALK,104.36897
2325,Pasco County,AUTO,6.09454
2326,Pasco County,AUTO,1.48936
2327,Pasco County,AUTO,6.09454
2331,Pasco County,AUTO,4659.18706
2339,Pasco County,AUTO,22.85305
2340,Pasco County,AUTO,6.09454
2341,Pasco County,AUTO,54.85086
2342,Pasco County,AUTO,432.75921
2343,Pasco County,AUTO,726.42892
2344,Pasco County,WALK,6.09454
2347,Pasco County,AUTO,32.12478
2349,Pasco County,AUTO,2.97872
2350,Pasco County,AUTO,98.27309
2365,Pasco County,AUTO,557.15984
2372,Pasco County,AUTO,1909.38077
2373,Pasco County,AUTO,1111.6668
2378,Pasco County,AUTO,533.89053
2381,Pasco County,AUTO,258.05833
2381,Pasco County,WALK,201.55112
2390,Pasco County,AUTO,1661.46353
2400,Pasco County,AUTO,1115.18815
2422,Pasco County,AUTO,2339.88537
2429,Pasco County,AUTO,663.31356
2433,Pasco County,AUTO,150.00082
2436,Pasco County,AUTO,514.9219
2442,Pasco County,AUTO,498.24062
2448,Pasco County,AUTO,137.4781
2449,Pasco County,AUTO,137.4781
2450,Pasco County,AUTO,687.3905
2457,Pasco County,AUTO,22.75254
2471,Pasco County,AUTO,473.86068
2502,Hernando County,AUTO,252.2938
2502,Hernando County,WALK,504.5876
2504,Hernando County,AUTO,9.14181
2507,Hernando County,AUTO,18.28362
2509,Hernando County,AUTO,566.12516
2512,Hernando County,AUTO,121.6017
2513,Hernando County,AUTO,1461.94201
2517,Hernando County,AUTO,1717.84953
2535,Hernando County,AUTO,791.54469
2552,Hernando County,AUTO,3604.94696
2566,Hernando County,AUTO,171.29178
2570,Hernando County,AUTO,3920.46324
2571,Hernando County,AUTO,2134.92299
2588,Hernando County,AUTO,18.61161
2600,Hernando County,AUTO,115.50716
2603,Hernando County,AUTO,39.63968
2605,Hernando County,AUTO,9.14181
2606,Hernando County,AUTO,142.93258
2611,Hernando County,AUTO,1717.84953
2617,Hernando County,AUTO,9.14181
2619,Hernando County,AUTO,251.85903
2620,Hernando County,AUTO,2923.88402
2622,Hernando County,AUTO,40.24512
2623,Hernando County,AUTO,25.78101
2631,Hernando County,AUTO,166.23744
2633,Hernando County,AUTO,36.56724
2634,Hernando County,AUTO,1782.49817
2635,Hernando County,AUTO,45.70904
2637,Hernando County,AUTO,104.36748
2638,Hernando County,AUTO,98.29798
2642,Hernando County,AUTO,18.28362
2643,Hernando County,AUTO,6.09454
2644,Hernando County,AUTO,42.66178
2651,Hernando County,AUTO,36.56724
2653,Hernando County,AUTO,79.11249
2656,Hernando County,AUTO,12.18908
2657,Hernando County,AUTO,1873.01311
2658,Hernando County,AUTO,12.18908
2664,Hernando County,AUTO,6.09454
2665,Hernando County,AUTO,158.22498
2667,Hernando County,AUTO,393.19192
2669,Hernando County,AUTO,79.11249
2670,Hernando County,AUTO,436.29979
2676,Hernando County,AUTO,2886.88115
2677,Hernando County,AUTO,6.09454
2680,Hernando County,AUTO,532.37951
2683,Hernando County,AUTO,158.55872
2684,Hernando County,AUTO,752.44219
2685,Hernando County,AUTO,560.04592
2689,Hernando County,AUTO,39.63968
2694,Hernando County,AUTO,39.63968
2699,Hernando County,AUTO,79.27936
2703,Hernando County,AUTO,18.28361
2714,Hernando County,AUTO,149.78495
2719,Hernando County,AUTO,18.28361
2828,Citrus County,AUTO,100.8093
2840,Citrus County,AUTO,198.71594
2872,Citrus County,AUTO,3236.17584
2873,Citrus County,AUTO,5.18124
2879,Citrus County,AUTO,140.42826
2885,Citrus County,AUTO,151.40016
2897,Citrus County,AUTO,3233.58522
2918,Citrus County,AUTO,4575.75226
2920,Citrus County,AUTO,2.59062
